Name,Monthly_Salary
Hannah Taylor,3431
Charlie Martinez,3391
Laura Lee,10264
Bob Harris,2535
Rachel Davis,11121
Julia Walker,7005
Wendy Miller,9644
Paula Lee,13899
George Lee,5138
Bob Martin,10784
Laura Wilson,10016
Michael Martinez,5059
Wendy Smith,4614
Hannah Robinson,10162
Rachel Harris,13860
Charlie Johnson,10044
Kevin Martin,7077
Rachel King,10929
Yara Allen,10607
Ethan Garcia,4759
George Smith,5426
Nina Taylor,11605
Laura Williams,11837
Charlie Thompson,8042
Kevin Hall,10223
Steven Taylor,4362
Xavier Smith,11627
Diana Garcia,11770
Diana Thomas,8149
Julia Walker,3913
Alice Anderson,11378
Xavier Williams,10194
Xavier Clark,4676
Kevin Wilson,11586
Uma Anderson,10103
Bob Thompson,3918
Bob Brown,11047
Bob Wilson,12778
Uma Harris,4926
Charlie Clark,2329
Ethan Hall,6520
Ethan Williams,4750
Tina Brown,4029
Quentin Taylor,6767
Xavier Harris,13271
Laura Martin,10705
Kevin Miller,8963
Tina Davis,12689
Alice Harris,10546
Nina King,11637
Nina Walker,2220
Tina Lee,7813
Laura Jackson,9349
Laura Clark,10626
Paula King,9431
Zane Martinez,5523
Ethan White,9791
Wendy Hall,9429
Hannah Smith,5718
Ian Garcia,7173
Bob Martin,11336
Tina Smith,9140
Tina Davis,13507
Bob Clark,6245
Ethan Thomas,10896
Bob Martin,9595
Xavier Johnson,11604
Uma Young,12971
Steven Clark,3868
Nina King,11059
Michael White,7021
Ian Allen,12369
Tina Clark,10730
Michael Martinez,2706
Uma Young,6317
Victor Lee,5094
Hannah Thompson,11659
Paula Allen,12246
Michael Allen,13019
Hannah Robinson,2799
Michael Hall,12513
Xavier Clark,9690
Laura Thompson,3378
Charlie Robinson,7888
Uma Taylor,10759
Bob Martinez,2410
Wendy Martin,11152
Hannah Allen,10492
Ethan Young,9855
Bob Martin,8755
George Thompson,8249
Nina Miller,8113
Steven Jackson,6549
Zane Brown,7730
Kevin Brown,5330
Steven Williams,7444
George Martinez,10429
Michael Wilson,4453
Diana King,7867
Kevin Jackson,5230
Victor Garcia,7197
Hannah Martin,11074
George Smith,13000
Diana Lee,6194
Hannah Martin,12940
Paula Garcia,11780
Michael Hall,11660
Ian Davis,10360
Nina Brown,5670
Alice Garcia,9096
Ethan Anderson,4023
Steven King,6586
Victor Robinson,7340
Uma Walker,9230
Ethan White,11366
Paula Taylor,11808
Fiona Lee,6606
Diana Thomas,8029
Diana Johnson,7092
Wendy White,13478
Steven Thompson,2885
Xavier Clark,7427
Nina Allen,5273
Alice Wilson,11469
Yara Johnson,8286
Fiona Jackson,2035
Fiona Walker,6659
Oscar Young,12649
Quentin Lee,4480
Rachel Williams,13273
Paula Clark,5166
Rachel Brown,12349
Ethan Garcia,7724
Michael Lee,10426
Charlie Jackson,5706
Wendy Anderson,6500
Nina Clark,6807
Victor Walker,10588
Alice King,8664
Nina Taylor,8716
Michael Garcia,6843
George Allen,8210
Nina Harris,3107
Wendy Thompson,6529
Uma Davis,10638
Laura Lee,12953
Wendy Lee,9802
Kevin Brown,10097
Fiona Garcia,10407
Laura Wilson,9514
George Brown,3524
Quentin Wilson,10806
Hannah White,5937
Victor King,11256
Wendy Martinez,6484
Wendy Young,9022
Michael Robinson,8813
Laura Garcia,7984
Tina Taylor,5444
Xavier Brown,13183
Quentin Johnson,7973
Diana Miller,12043
Yara Hall,8299
Fiona Thompson,10845
Wendy Taylor,7845
Yara Williams,5593
Michael King,6991
Tina King,5064
Xavier Walker,3971
Julia Williams,12379
Steven Wilson,10332
Yara Walker,4905
Yara Allen,6951
Oscar Harris,4773
George Robinson,2813
Zane Brown,9860
Tina Hall,6324
Ethan Allen,8007
Diana Robinson,8328
Oscar Williams,9807
Ian Clark,7229
Kevin Lee,13404
Yara Moore,3472
George Garcia,5627
Quentin King,13969
Oscar Smith,5034
Tina Miller,9107
Laura Martinez,2875
Ian Thompson,8822
Bob Harris,10121
Kevin Allen,9177
Michael Miller,7300
Rachel Wilson,10046
Hannah Martin,7856
Zane Hall,14183
Fiona Hall,7487
Wendy Johnson,4568
Hannah Davis,11429
Wendy Martinez,11839
Alice Thomas,13702
Rachel Martin,7593
Diana Young,6237
Charlie White,7347
Charlie Johnson,10488
Bob Garcia,6996
Laura Miller,11421
Victor Garcia,10868
Xavier Johnson,9326
George Wilson,7164
Victor Smith,7971
Bob Young,11149
Nina Brown,5621
Steven Clark,13390
Hannah Martinez,7042
Yara Johnson,4240
Victor Wilson,11084
Uma Robinson,10398
Diana Martin,4153
Oscar Thomas,8496
Julia Hall,12128
Kevin Hall,6390
Diana Taylor,6179
Wendy Moore,8311
Kevin Garcia,7631
Laura Garcia,10660
Uma Smith,13791
Oscar Allen,3992
Nina Lee,2455
Ian Davis,12331
Rachel Thomas,11262
Quentin Lee,9751
Bob Martin,5256
Rachel Smith,5694
Uma Davis,4361
Steven Lee,10928
Rachel Robinson,12627
Uma Martinez,7402
Uma Allen,4781
Victor Lee,6124
Laura Young,9878
Rachel White,5749
Laura Brown,7191
Bob Moore,9144
Ethan White,8414
Charlie Young,7843
Xavier Martinez,4812
Laura Anderson,6403
Alice Garcia,5323
Bob Thomas,3605
Charlie Hall,6228
Victor Allen,3315
Uma White,10468
Julia Smith,9007
Zane Johnson,12774
Wendy Moore,10641
Victor Hall,8180
Paula Smith,4538
Alice Johnson,5756
Ian Thomas,7599
Wendy Thompson,4809
Wendy Harris,4920
Ethan Anderson,4785
Oscar Young,9340
Tina Davis,4112
Ian Johnson,4255
Steven Davis,2829
Kevin Hall,7300
Nina Anderson,8403
Victor Robinson,4457
Ian Robinson,2533
Uma Smith,6407
Kevin Young,3432
Diana Moore,8583
Alice Thomas,9648
Paula Hall,13269
Alice Young,10958
Yara Miller,10769
Ian Thomas,10471
George Martin,7687
Zane Wilson,5113
Steven Garcia,8017
Fiona Allen,12474
Charlie Jackson,11392
Quentin Clark,3713
Steven Brown,7663
Zane Thompson,12435
Ethan Young,5900
Ian Clark,10649
Tina Moore,4717
Nina Davis,5737
Laura Martinez,5692
Kevin Harris,2433
Diana Johnson,6500
Quentin Brown,6373
Charlie Thomas,6937
Ian Martinez,9263
Wendy Young,12430
Ethan Walker,6291
Steven White,12392
Oscar Martinez,12737
Steven Miller,4668
Zane Garcia,13126
Tina Smith,5217
Diana Martin,3756
Zane Walker,7974
Julia Williams,5981
Tina Moore,13548
Bob Young,5305
Nina Taylor,5136
Kevin Taylor,9191
Alice Anderson,10364
Zane Hall,11705
Laura Robinson,7040
George Smith,7717
Tina Harris,8657
Fiona Davis,6787
Xavier Thompson,4247
Fiona Brown,6931
Ian Miller,6668
Laura Moore,9679
Rachel Davis,6609
Victor Harris,9560
Alice Clark,10039
Laura Jackson,7648
Laura Smith,5050
Charlie Lee,11069
Julia Allen,3235
Uma Martinez,9278
Zane Wilson,8027
Kevin Martin,11011
Xavier Williams,6069
Quentin Anderson,5463
Bob Wilson,4406
Oscar Robinson,8692
Nina Martin,10077
Fiona Thomas,6591
Laura Anderson,2246
Zane Young,6844
Uma Allen,11206
Julia Young,12626
Zane Martinez,5708
Zane Moore,10006
Laura King,3809
Xavier Anderson,5437
Steven Allen,6317
Fiona Hall,7901
Paula Williams,5548
Tina King,8654
Hannah Garcia,9476
Diana Thompson,5280
Tina Williams,4052
Charlie Brown,13239
George Lee,8736
Rachel King,6200
Tina King,4667
Charlie Clark,6038
Michael Allen,2880
Xavier Walker,8738
Laura Thompson,9174
Tina Brown,7362
Xavier Thomas,3408
Nina Thomas,9486
Uma Moore,5766
Kevin Allen,2742
Yara White,9280
Xavier Jackson,9096
Quentin King,10023
Hannah Thompson,11034
Uma Taylor,9136
Quentin Taylor,8819
Yara Harris,6814
Xavier Lee,4251
Laura White,12837
Uma White,12927
Victor Jackson,10767
Diana Thomas,6361
Yara Walker,2857
Yara Hall,3606
Rachel Walker,5719
Steven Young,11155
Quentin Harris,5432
Uma Brown,12257
Michael Smith,5156
Zane Thomas,10232
Tina White,12430
Ian Wilson,13267
Xavier Young,7871
Tina Wilson,8808
Laura Thompson,9806
Diana Clark,10422
Oscar Wilson,13057
Ethan King,8935
Quentin Allen,4654
Charlie Martin,11067
Bob Harris,6165
George Young,5542
Wendy Miller,11967
Fiona Harris,11467
Fiona Taylor,4063
Zane Lee,4408
Steven Thomas,8667
Hannah Garcia,10870
Steven White,12038
Oscar Johnson,4055
Julia Thomas,7013
Uma Wilson,10525
Nina White,9249
George Anderson,6825
Laura Williams,5102
Tina Clark,8195
Steven Allen,9356
Hannah Harris,7028
Paula Lee,6655
Xavier Young,6276
Fiona Robinson,12365
Uma Robinson,3640
Nina Brown,2000
Tina Harris,9177
Alice Thompson,9284
Tina Williams,12864
Julia Young,7818
Bob King,9775
Quentin Jackson,13764
Wendy Harris,8206
Oscar Moore,4559
Fiona Miller,2898
Michael Garcia,4213
Charlie Hall,8041
Zane Brown,7854
Ian Brown,9687
Wendy Robinson,10959
Zane Brown,4999
Paula Harris,9942
Yara Brown,9188
Julia Garcia,2297
Uma Anderson,6442
Bob Harris,9276
Paula Lee,11703
Hannah Moore,9186
Charlie Wilson,8816
Wendy Taylor,6699
Yara Davis,4491
Victor Clark,5547
Zane Anderson,4938
Charlie Allen,6241
Ethan White,7436
Quentin Young,9377
Steven Robinson,8930
Hannah Thompson,9532
Wendy Miller,6085
Xavier Wilson,10396
Wendy King,4153
Kevin Taylor,7306
Yara Brown,3325
Rachel Williams,12094
Wendy White,6093
Steven Hall,8813
Kevin King,12164
Uma Garcia,2925
Paula Smith,8457
Tina Thomas,6765
Ian Martin,4198
Ethan Miller,8898
Steven King,9532
Xavier Walker,8522
Michael Anderson,4833
Alice Garcia,5715
Nina Walker,9717
Julia Walker,5118
Quentin Allen,13827
George Williams,7013
Uma Martinez,8543
Bob King,10089
Ian Allen,2383
Fiona Harris,7030
Victor Jackson,8290
Bob Garcia,4601
Ian Young,9181
Quentin Davis,10050
Victor Moore,6512
Wendy Young,5868
Rachel Harris,9468
Julia Williams,9392
Bob Robinson,12825
Bob Miller,3823
Victor Jackson,10163
Julia Martinez,12600
Laura Hall,6791
Victor Martinez,12191
Oscar Williams,9014
Oscar Brown,7770
Uma Smith,10473
Laura Williams,4826
Quentin Robinson,10829
Ethan Anderson,8322
Rachel Thomas,3982
Uma Miller,4644
George Garcia,6512
Uma Harris,5065
Laura Moore,12894
